Type,Path,Name,Pages
docx,E:/workspace/doc\Elastic-stack 5.1.1 설치 가이드 - 복사본.docx,Elastic-stack 5.1.1 설치 가이드 - 복사본.docx,6
docx,E:/workspace/doc\Elastic-stack 5.1.1 설치 가이드.docx,Elastic-stack 5.1.1 설치 가이드.docx,6
docx,E:/workspace/doc\Offline_NAND_Programming_Guide_ELNEC_BeeProg2.docx,Offline_NAND_Programming_Guide_ELNEC_BeeProg2.docx,5
pdf,E:/workspace/doc\adobe\Adobe Acrobat Pro DC.pdf,Adobe Acrobat Pro DC.pdf,3
pdf,E:/workspace/doc\adobe\Adobe Cloud Services.pdf,Adobe Cloud Services.pdf,6
pdf,E:/workspace/doc\adobe\Adobe Sign White Paper.pdf,Adobe Sign White Paper.pdf,5
pdf,E:/workspace/doc\airflow\10.01. Airflow Docker Image 만들기.pdf,10.01. Airflow Docker Image 만들기.pdf,3
pdf,E:/workspace/doc\airflow\10.02. Airflow 설치하기 (Helm Chart 이용).pdf,10.02. Airflow 설치하기 (Helm Chart 이용).pdf,4
doc,E:/workspace/doc\others\Apache Spark 주요 용어.doc,Apache Spark 주요 용어.doc,0
doc,E:/workspace/doc\others\RT20161101554-3.doc,RT20161101554-3.doc,0
pdf,E:/workspace/doc\others\문서 특징에 따른 RAG 연구.pdf,문서 특징에 따른 RAG 연구.pdf,2
pdf,E:/workspace/doc\others\파서 결과물 JSON 스펙_V1.0_20240813.pdf,파서 결과물 JSON 스펙_V1.0_20240813.pdf,7
pdf,E:/workspace/doc\others\AULA\AULA F87Pro 퀵 가이드.pdf,AULA F87Pro 퀵 가이드.pdf,1
pdf,E:/workspace/doc\others\LG\LG WHISEN 에어컨 2IN1 FQ18VAKWU2 메뉴얼.pdf,LG WHISEN 에어컨 2IN1 FQ18VAKWU2 메뉴얼.pdf,40
docx,E:/workspace/doc\others\여신\3-1 Open_Assessment1.docx,3-1 Open_Assessment1.docx,9
docx,E:/workspace/doc\others\여신\3-1E Open_Assessment1_Explanation.docx,3-1E Open_Assessment1_Explanation.docx,16
docx,E:/workspace/doc\others\여신\3-2 Open_Assessment2.docx,3-2 Open_Assessment2.docx,9
docx,E:/workspace/doc\others\여신\3-2E Open_Assessment2_Explanation.docx,3-2E Open_Assessment2_Explanation.docx,16
docx,E:/workspace/doc\others\여신\3-3 Open_Assessment3.docx,3-3 Open_Assessment3.docx,10
docx,E:/workspace/doc\others\여신\3-3E Open_Assessment3_Explanation.docx,3-3E Open_Assessment3_Explanation.docx,17
docx,E:/workspace/doc\others\여신\4-1 PSM1_Sample_Exam1.docx,4-1 PSM1_Sample_Exam1.docx,19
docx,E:/workspace/doc\others\여신\4-1E PSM1_Sample_Exam1_Explanation.docx,4-1E PSM1_Sample_Exam1_Explanation.docx,46
docx,E:/workspace/doc\others\여신\4-2 PSM1_Sample_Exam2.docx,4-2 PSM1_Sample_Exam2.docx,13
docx,E:/workspace/doc\others\여신\4-2E PSM1_Sample_Exam2_Explanation.docx,4-2E PSM1_Sample_Exam2_Explanation.docx,38
docx,E:/workspace/doc\sap\SAP SD] SD 용어정리  SAP.docx,SAP SD] SD 용어정리  SAP.docx,9
docx,E:/workspace/doc\sap\[SAP CO] Chart Of Accounts 계정과목표  SAP.docx,[SAP CO] Chart Of Accounts 계정과목표  SAP.docx,0
docx,E:/workspace/doc\sap\[SAP FI] FI 용어정리  SAP.docx,[SAP FI] FI 용어정리  SAP.docx,19
docx,E:/workspace/doc\sap\[SAP MM] MM Master Data  SAP.docx,[SAP MM] MM Master Data  SAP.docx,9
docx,E:/workspace/doc\sap\[SAP MM] MM 용어정리  SAP.docx,[SAP MM] MM 용어정리  SAP.docx,7
docx,E:/workspace/doc\sap\[SAP MM] MM 프로세스 Overview  SAP.docx,[SAP MM] MM 프로세스 Overview  SAP.docx,0
docx,E:/workspace/doc\sap\[SAP MM] Organization Level 설명  SAP.docx,[SAP MM] Organization Level 설명  SAP.docx,2
docx,E:/workspace/doc\sap\[SAP MM] SAP 및 MM 기본 메뉴 설명  SAP.docx,[SAP MM] SAP 및 MM 기본 메뉴 설명  SAP.docx,0
docx,E:/workspace/doc\sap\[SAP MM] 구매오더 프로세스  SAP.docx,[SAP MM] 구매오더 프로세스  SAP.docx,1
docx,E:/workspace/doc\sap\[SAP MM] 송장 프로세스  SAP.docx,[SAP MM] 송장 프로세스  SAP.docx,1
docx,E:/workspace/doc\sap\[SAP MM] 자재 가격 변경방법  SAP.docx,[SAP MM] 자재 가격 변경방법  SAP.docx,2
docx,E:/workspace/doc\sap\[SAP MM] 재고 조달 마스터  SAP.docx,[SAP MM] 재고 조달 마스터  SAP.docx,1
docx,E:/workspace/doc\sap\[SAP MM] 제품 입고 프로세스  SAP.docx,[SAP MM] 제품 입고 프로세스  SAP.docx,1
